{
  "test_accuracy": 0.7378951580632253,
  "test_precision": 0.7425824601315952,
  "test_recall": 0.7378951580632253,
  "test_f1": 0.7373042215506068,
  "confusion_matrix": [
    [
      1278,
      247,
      141
    ],
    [
      208,
      1309,
      149
    ],
    [
      242,
      323,
      1101
    ]
  ],
  "training_samples": 37684,
  "test_samples": 4998
}