,Precision (Macro Avg),Recall (Macro Avg),F1-Score (Macro Avg),Overall Accuracy
Logistic Regression,0.7425824601315952,0.7378951580632253,0.7373042215506068,0.7378951580632253
