{
  "test_accuracy": 0.750500200080032,
  "train_accuracy": 0.8514488907759261,
  "test_precision": 0.7571565114388427,
  "test_recall": 0.7505002000800319,
  "test_f1": 0.7510207562945931,
  "confusion_matrix": [
    [
      1271,
      275,
      120
    ],
    [
      189,
      1320,
      157
    ],
    [
      163,
      343,
      1160
    ]
  ],
  "training_samples": 37684,
  "test_samples": 4998
}