,Precision (Macro Avg),Recall (Macro Avg),F1-Score (Macro Avg),Overall Accuracy
FinBERT + LoRA,0.7571565114388427,0.7505002000800319,0.7510207562945931,0.750500200080032
