{
  "test_accuracy": 0.7454981992797118,
  "train_accuracy": 0.8392686551321515,
  "test_precision": 0.7482747880595054,
  "test_recall": 0.7454981992797118,
  "test_f1": 0.7455854378745167,
  "confusion_matrix": [
    [
      1296,
      236,
      134
    ],
    [
      223,
      1263,
      180
    ],
    [
      191,
      308,
      1167
    ]
  ],
  "training_samples": 37684,
  "test_samples": 4998
}