{
  "test_accuracy": 0.7683073229291717,
  "train_accuracy": 0.8648232671690903,
  "test_precision": 0.7721149253497961,
  "test_recall": 0.7683073229291716,
  "test_f1": 0.7684983366086149,
  "confusion_matrix": [
    [
      1316,
      225,
      125
    ],
    [
      204,
      1323,
      139
    ],
    [
      170,
      295,
      1201
    ]
  ],
  "training_samples": 37684,
  "test_samples": 4998
}