{
  "test_accuracy": 0.7358943577430972,
  "test_precision": 0.7403885598189609,
  "test_recall": 0.7358943577430973,
  "test_f1": 0.7353695996275186,
  "confusion_matrix": [
    [
      1273,
      245,
      148
    ],
    [
      205,
      1305,
      156
    ],
    [
      224,
      342,
      1100
    ]
  ],
  "training_samples": 37684,
  "test_samples": 4998
}