,Precision (Macro Avg),Recall (Macro Avg),F1-Score (Macro Avg),Overall Accuracy
svm,0.7403885598189609,0.7358943577430973,0.7353695996275186,0.7358943577430972
