{
  "test_accuracy": 0.7739095638255302,
  "train_accuracy": 0.8661766266850652,
  "test_precision": 0.7774477944237858,
  "test_recall": 0.7739095638255303,
  "test_f1": 0.7741506813341618,
  "confusion_matrix": [
    [
      1329,
      218,
      119
    ],
    [
      210,
      1321,
      135
    ],
    [
      166,
      282,
      1218
    ]
  ],
  "training_samples": 37684,
  "test_samples": 4998
}