{
  "test_accuracy": 0.7735094037615046,
  "train_accuracy": 0.8667869652903089,
  "test_precision": 0.7760226497403728,
  "test_recall": 0.7735094037615046,
  "test_f1": 0.7736565591997938,
  "confusion_matrix": [
    [
      1329,
      215,
      122
    ],
    [
      206,
      1311,
      149
    ],
    [
      177,
      263,
      1226
    ]
  ],
  "training_samples": 37684,
  "test_samples": 4998
}